,,,PLANTA BAJA / GROUND FLOOR,,,,,,,,,,,,,
Apartamento / Unit,Tipología / Typo,Etapa / Phase,Habitaciones / Bedrooms,Baños / Baths,Vistas / Views,Característica / Feature,,m2    Interior    sqft,,m2     Terraza / Terrace    sqft,,Total,,Jardin / Garden,Precio / Price,Status
7,T6A-ST,2,1,1.5,Jardin / Garden,Terraza + Jacuzzi,,58.90,634.00,43.85,472.00,111.36,"1,106.00",8.61,,RESERVADA
8,T6C,2,1,1.5,Jardin / Garden,Terraza + Jacuzzi,,60.38,650.00,43.85,472.00,131.84,"1,122.00",27.61,,RESERVADA
,,,1ER NIVEL / 1ST FLOOR,,,,,,,,,,,,,
Apartamento / Unit,Tipología / Typo,Etapa / Phase,Habitaciones / Bedrooms,Baños / Baths,Vistas / Views,Característica / Feature,,m2    Interior    sqft,,m2     Terraza / Terrace    sqft,,Total,,,Precio / Price,Status
111,T1A,2,1+,2,Lago / Lake,Family Room,,89.09,959.00,19.23,207.00,108.32,"1,166.00",,"$474,100",
112,T1,2,1+,2,Lago / Lake,Family Room,,89.09,959.00,19.23,207.00,108.32,"1,166.00",,"$474,100",
113,T1A,2,1+,2,Lago / Lake,Family Room,,89.09,959.00,19.23,207.00,108.32,"1,166.00",,"$474,100",
114,T1,2,1+,2,Lago / Lake,Family Room,,89.09,959.00,19.23,207.00,108.32,"1,166.00",,"$474,100",
115,T2,2,2,2.5,Lago / Lake,-,,112.50,"1,211.00",18.02,194.00,130.52,"1,405.00",,"$537,900",
116,T2,2,2,2.5,Lago / Lake,-,,112.50,"1,211.00",21.65,233.00,134.15,"1,444.00",,"$552,200",
117,T1,2,1 +,2,Lago / Lake,Family Room,,89.09,959.00,19.23,207.00,108.32,"1,166.00",,"$446,600",
118,T1A,2,1 +,2,Lago / Lake,Family Room,,89.09,959.00,19.23,207.00,108.32,"1,166.00",,"$446,600",
119,T1,2,1 +,2,Lago / Lake,Family Room,,89.09,959.00,19.23,207.00,108.32,"1,166.00",,"$474,100",
120,T5,2,1 +,2,Golf,Lock-Off,,88.63,954.00,20.81,224.00,109.44,"1,178.00",,"$480,700",
121,T8,2,2,2.5,Golf,-,,102.84,"1,107.00",19.32,208.00,122.16,"1,315.00",,"$497,200",
122,T8,2,2,2.5,Golf,-,,102.84,"1,107.00",19.32,208.00,122.16,"1,315.00",,"$497,200",
123,T6,2,1,1.5,Golf,-,,58.81,633.00,21.65,233.00,80.45,866.00,,"$352,000",
124,T6A,2,1,1.5,Golf,-,,58.53,630.00,11.98,129.00,70.51,759.00,,,RESERVADA
125,T5,2,1 +,2,Golf,Lock-Off,,88.63,954.00,20.35,219.00,108.97,"1,173.00",,"$480,700",
126,T7,2,1+,2,Golf,Family Room,,84.26,907.00,23.69,255.00,107.95,"1,162.00",,"$456,500",
,,,2NDO NIVEL / 2ND FLOOR,,,,,,,,,,,,,
Apartamento / Unit,Tipología / Typo,Etapa / Phase,Habitaciones / Bedrooms,Baños / Baths,Vistas / Views,Característica / Feature,,m2    Interior    sqft,,m2     Terraza / Terrace    sqft,,Total,,,Precio / Price,Status
212,T1A,2,1 +,2,Lago / Lake,Family Room,,89.09,959.00,19.32,208.00,108.41,"1,167.00",,"$478,500",
213,T1,2,1 +,2,Lago / Lake,Family Room,,89.09,959.00,19.32,208.00,108.41,"1,167.00",,"$478,500",
214,T1A,2,1+,2,Lago / Lake,Family Room,,89.09,959.00,19.32,208.00,108.41,"1,167.00",,"$478,500",
215,T1,2,1+,2,Lago / Lake,Family Room,,89.09,959.00,19.23,207.00,108.32,"1,166.00",,"$478,500",
216,T2,2,2,2.5,Lago / Lake,-,,112.50,"1,211.00",25.08,270.00,137.58,"1,481.00",,,RESERVADA
217,T2,2,2,2.5,Lago / Lake,-,,112.50,"1,211.00",15.42,166.00,127.92,"1,377.00",,"$527,184",
218,T1,2,1 +,2,Lago / Lake,Family Room,,89.09,959.00,19.51,210.00,108.60,"1,169.00",,"$451,000",
219,T1A,2,1 +,2,Lago / Lake,Family Room,,89.09,959.00,19.42,209.00,108.51,"1,168.00",,"$449,900",
220,T1,2,1 +,2,Lago/Lake,Family Room,,89.09,959.00,19.51,210.00,108.60,"1,169.00",,"$478,500",
221,T6A,2,1,1.5,Golf,-,,58.53,630.00,21.92,236.00,80.45,866.00,,"$355,300",
222,T5,2,1+,2,Golf,Lock-Off,,88.63,954.00,20.35,219.00,108.97,"1,173.00",,"$486,200",
223,T8,2,2,2.5,Golf,-,,102.84,"1,107.00",19.32,208.00,122.16,"1,315.00",,"$502,700",
224,T8,2,2,2.5,Golf,-,,102.84,"1,107.00",31.40,338.00,134.24,"1,445.00",,"$548,900",
225,T6,2,1,1.5,Golf,-,,58.81,633.00,21.74,234.00,80.54,867.00,,,RESERVADA
226,T6A,2,1,1.5,Golf,-,,58.53,630.00,20.81,224.00,79.34,854.00,,,RESERVADA
227,T5,2,1+,2,Golf,Lock-Off,,88.63,954.00,21.00,226.00,109.62,"1,180.00",,"$486,200",
228,T7,2,1+,2,Golf,Family Room,,84.26,907.00,18.67,201.00,102.93,"1,108.00",,"$460,900",
,,,3ER NIVEL / 3RD FLOOR,,,,,,,,,,,,,
Apartamento / Unit,Tipología / Typo,Etapa / Phase,Habitaciones / Bedrooms,Baños / Baths,Vistas / Views,Característica / Feature,,m2    Interior    sqft,,m2     Terraza / Terrace    sqft,,Total,,,Precio / Price,Status
312,T1A,2,1 +,2,Lago / Lake,Family Room,,89.09,959.00,19.23,207.00,108.32,"1,166.00",,"$482,900",
313,T1,2,1+,2,Lago / Lake,Family Room,,89.09,959.00,19.23,207.00,108.32,"1,166.00",,"$482,900",
314,T1A,2,1 +,2,Lago / Lake,Family Room,,89.09,959.00,19.23,207.00,108.32,"1,166.00",,"$482,900",
315,T1,2,1 +,2,Lago / Lake,Family Room,,89.09,959.00,18.02,194.00,107.11,"1,153.00",,,BLOQUEADA
316,T2,2,2,2.5,Lago / Lake,-,,112.50,"1,211.00",18.02,194.00,130.52,"1,405.00",,,RESERVADA
317,T2,2,2,2.5,Lago / Lake,-,,112.50,"1,211.00",21.65,233.00,134.15,"1,444.00",,,RESERVADA
318,T1,2,1 +,2,Lago / Lake,Family Room,,89.09,959.00,19.23,207.00,108.32,"1,166.00",,,RESERVADA
319,T1A,2,1+,2,Lago / Lake,Family Room,,89.09,959.00,19.23,207.00,108.32,"1,166.00",,,RESERVADA
320,T1,2,1 +,2,Lago / Lake,Family Room,,89.09,959.00,19.23,207.00,108.32,"1,166.00",,"$482,900",
321,T6A,2,1 +,1.5,Golf,-,,58.53,630.00,21.74,234.00,80.27,864.00,,,RESERVADA
322,T5,2,1 +,2,Golf,Lock-off,,88.63,954.00,20.72,223.00,109.34,"1,177.00",,"$490,600",
323,T8,2,2,2.5,Golf,-,,102.84,"1,107.00",19.32,208.00,122.16,"1,315.00",,"$507,100",
324,T8,2,2,2.5,Golf,-,,102.84,"1,107.00",19.32,208.00,122.16,"1,315.00",,"$507,100",
325,T6,2,1,1.5,Golf,-,,58.81,633.00,21.65,233.00,80.45,866.00,,,RESERVADA
326,T6A,2,1,1.5,Golf,-,,58.53,630.00,11.98,129.00,70.51,759.00,,,RESERVADA
327,T5,2,1 +,2,Golf,Lock-off,,88.63,954.00,20.35,219.00,108.97,"1,173.00",,"$490,600",
328,T7,2,1+,2,Golf,Family Room,,84.26,907.00,23.69,255.00,107.95,"1,162.00",,"$423,000",BLOQUEADA
,,,4TO NIVEL / 4TH FLOOR,,,,,,,,,,,,,
Apartamento / Unit,Tipología / Typo,Etapa / Phase,Habitaciones / Bedrooms,Baños / Baths,Vistas / Views,Característica / Feature,,m2    Interior    sqft,,m2     Terraza / Terrace    sqft,,Total,,,Precio / Price,Status
412,T1A,2,1 +,2,Mar Y Lago / Ocean and Lake,Family Room,,89.09,959.00,19.32,208.00,108.41,"1,167.00",,"$487,300",
413,T1,2,1 +,2,Mar Y Lago / Ocean and Lake,Family Room,,89.09,959.00,19.32,208.00,108.41,"1,167.00",,"$443,000",RESERVADA
414,T1A,2,1+,2,Mar Y Lago / Ocean and Lake,Family Room,,89.09,959.00,19.32,208.00,108.41,"1,167.00",,"$487,300",BLOQUEADA
415,T1,2,1 +,2,Mar Y Lago / Ocean and Lake,Family Room,,89.09,959.00,19.23,207.00,108.32,"1,166.00",,,RESERVADO
416,T2,2,2,2.5,Mar Y Lago / Ocean and Lake,-,,112.50,"1,211.00",25.08,270.00,137.58,"1,481.00",,,RESERVADO
417,T2,2,2,2.5,Mar Y Lago / Ocean and Lake,-,,112.50,"1,211.00",15.42,166.00,127.92,"1,377.00",,,RESERVADO
418,T1,2,1+,2,Mar Y Lago / Ocean and Lake,Family Room,,89.09,959.00,19.51,210.00,108.60,"1,169.00",,"$458,700",BLOQUEADO
419,T1A,2,1 +,2,Mar Y Lago / Ocean and Lake,Family Room,,89.09,959.00,19.42,209.00,108.51,"1,168.00",,"$458,700",BLOQUEADO
420,T1,2,1+,2,Mar Y Lago / Ocean and Lake,Family Room,,89.09,959.00,19.51,210.00,108.60,"1,169.00",,"$487,300",
421,T6A,2,1,1.5,Golf,-,,58.53,630.00,21.92,236.00,80.45,866.00,,"$367,400",BLOQUEADO
422,T5,2,1 +,2,Golf,Lock-Off,,88.63,954.00,20.35,219.00,108.97,"1,173.00",,"$495,000",
423,T8,2,2,2.5,Golf,-,,102.84,"1,107.00",19.32,208.00,122.16,"1,315.00",,"$511,500",
424,T8,2,2,2.5,Golf,-,,102.84,"1,107.00",31.40,338.00,134.24,"1,445.00",,"$558,800",
425,T6,2,1,1.5,Golf,-,,58.81,633.00,21.74,234.00,80.54,867.00,,"$329,000",RESERVADA
426,T6A,2,1,1.5,Golf,-,,58.53,630.00,20.81,224.00,79.34,854.00,,,RESERVADO
427,T5,2,1 +,2,Golf,Lock-Off,,88.63,954.00,21.00,226.00,109.62,"1,180.00",,"$495,000",
428,T7,2,1 +,2,Golf,Family Room,,84.26,907.00,18.67,201.00,102.93,"1,108.00",,"$469,700",
,,,5TO NIVEL / 5TH FLOOR,,,,,,,,,,,,,
Apartamento / Unit,Tipología / Typo,Etapa / Phase,Habitaciones / Bedrooms,Baños / Baths,Vistas / Views,Característica / Feature,,m2    Interior    sqft,,m2     Terraza / Terrace    sqft,,Total,,,Precio / Price,Status
512,T1A,2,1 +,2,Mar Y Lago / Ocean and Lake,Family Room,,89.09,959.00,19.23,207.00,108.32,"1,166.00",,"$491,700",
513,T1,2,1+,2,Mar Y Lago / Ocean and Lake,Family Room,,89.09,959.00,19.23,207.00,108.32,"1,166.00",,"$491,700",BLOQUEADA
514,T1A,2,1 +,2,Mar Y Lago / Ocean and Lake,Family Room,,89.09,959.00,19.23,207.00,108.32,"1,166.00",,"$491,700",BLOQUEADA
515,T1,2,1 +,2,Mar Y Lago / Ocean and Lake,Family Room,,89.09,959.00,18.02,194.00,107.11,"1,153.00",,,RESERVADA
516,T2,2,2,2.5,Mar Y Lago / Ocean and Lake,-,,112.50,"1,211.00",18.02,194.00,130.52,"1,405.00",,,RESERVADA
517,T2,2,2,2.5,Mar Y Lago / Ocean and Lake,-,,112.50,"1,211.00",21.65,233.00,134.15,"1,444.00",,,RESERVADA
518,T1,2,1 +,2,Mar Y Lago / Ocean and Lake,Family Room,,89.09,959.00,19.23,207.00,108.32,"1,166.00",,"$463,100",
519,T1A,2,1+,2,Mar Y Lago / Ocean and Lake,Family Room,,89.09,959.00,19.23,207.00,108.32,"1,166.00",,"$463,100",
520,T1,2,1+,2,Mar Y Lago / Ocean and Lake,Family Room,,89.09,959.00,19.23,207.00,108.32,"1,166.00",,"$491,700",
521,T6A,2,1,1.5,Golf,-,,58.53,630.00,21.74,234.00,80.27,864.00,,,RESERVADA
522,T5,2,1+,2,Golf,Lock-Off,,88.63,954.00,20.72,223.00,109.34,"1,177.00",,"$499,400",
523,T8,2,2,2.5,Golf,-,,102.84,"1,107.00",19.32,208.00,122.16,"1,315.00",,"$517,000",
524,T8,2,2,2.5,Golf,-,,102.84,"1,107.00",19.32,208.00,122.16,"1,315.00",,"$517,000",
525,T6,2,1,1.5,Golf,-,,58.81,633.00,21.65,233.00,80.45,866.00,,,RESERVADA
526,T6A,2,1,1.5,Golf,-,,58.53,630.00,11.98,129.00,70.51,759.00,,,RESERVADA
527,T5,2,1 +,2,Golf,Lock-Off,,88.63,954.00,20.35,219.00,108.97,"1,173.00",,"$499,400",
528,T7,2,1 +,2,Golf,Family Room,,84.26,907.00,23.69,255.00,107.95,"1,162.00",,"$474,100",
,,,6TO NIVEL / PENTHOUSE,,,,,,,,,,,,,
Apartamento / Unit,Tipología / Typo,Etapa / Phase,Habitaciones / Bedrooms,Baños / Baths,Vistas / Views,Característica / Feature,,m2    Interior    sqft,,m2     Terraza / Terrace    sqft,,Total,,Rooftop m2,Precio / Price,Status
609,T1,2,1 +,2,Mar Y Lago / Ocean and Lake,Family Room,,89.09,959.00,19.32,208.00,108.41,"1,167.00",,,RESERVADA
610,T1A,2,1 +,2,Mar Y Lago / Ocean and Lake,Family Room,,89.09,959.00,19.32,208.00,108.41,"1,167.00",,,RESERVADA
611,T1,2,2,2.5,Mar Y Lago / Ocean and Lake,Rooftop,,89.00,958.00,19.23,207.00,180.70,"1,165.00",72.47,,RESERVADA
612,T2,2,2,2.5,Mar Y Lago / Ocean and Lake,Rooftop,,113.25,"1,219.00",25.08,270.00,234.39,"1,489.00",96.06,"$837,000",RESERVADA
613,T2,2,2,2.5,Mar Y Lago / Ocean and Lake,Rooftop,,113.25,"1,219.00",15.42,166.00,224.70,"1,385.00",96.03,"$883,300",BLOQUEADO
614,T1,2,2,2.5,Mar Y Lago / Ocean and Lake,Rooftop,,89.00,958.00,19.51,210.00,181.00,"1,168.00",72.49,"$738,100",BLOQUEADO
615,T1A,2,2,2.5,Mar Y Lago / Ocean and Lake,Rooftop,,89.09,959.00,19.60,211.00,181.20,"1,170.00",72.51,"$738,100",
616,T1,2,2,2.5,Mar Y Lago / Ocean and Lake,Rooftop,,89.00,958.00,19.51,210.00,182.90,"1,168.00",74.39,"$740,300",
617,T6A,2,1,1.5,Golf,Rooftop,,58.62,631.00,21.92,236.00,132.00,867.00,51.46,"$543,400",
618,T5,2,2,2.5,Golf,Rooftop,,89.37,962.00,20.35,219.00,183.60,"1,181.00",73.89,"$748,000",
619,T8,2,2,2.5,Golf,Rooftop,,102.65,"1,105.00",19.32,208.00,207.20,"1,313.00",85.22,"$841,500",
620,T8,2,2,2.5,Golf,Rooftop,,102.65,"1,105.00",31.40,338.00,219.30,"1,443.00",85.25,"$888,800",
621,T6,2,1,1.5,Golf,-,,58.81,633.00,21.74,234.00,80.54,867.00,,,RESERVADA
622,T6A,2,1,1.5,Golf,-,,58.53,630.00,20.81,224.00,79.34,854.00,,,RESERVADA
623,T5,2,1 +,2,Golf,Lock-off,,88.63,954.00,21.00,226.00,109.62,"1,180.00",,"$507,100",
624,T7,2,1 +,2,Golf,Family Room,,84.26,907.00,18.67,201.00,102.93,"1,108.00",,"$477,400",
